id,default_code,barcode
__export__.product_product_595_02cffe92,PJO-VEA-PEQ-K1,7894366996809
__export__.product_product_596_76bfd35e,PJO-VEA-PEQ-K3,7897282713154
__export__.product_product_597_1c538ad4,PJO-VEA-PEQ-K6,7898158404053
__export__.product_product_598_75efe290,PJO-VEA-PEQ-K9,7894143999580
__export__.product_product_599_41afcda0,PJO-VEA-PEQ-K12,7896889867901
__export__.product_product_600_f240e290,PJO-VEA-PEQ-K15,7896887624766
__export__.product_product_601_c99403cf,PJO-VEA-MED-K1,7891850040895
__export__.product_product_602_37ca750e,PJO-VEA-MED-K3,7898932568179
__export__.product_product_603_b3831f9c,PJO-VEA-MED-K6,7895392729119
__export__.product_product_604_3f5d94f5,PJO-VEA-MED-K9,7898268047133
__export__.product_product_605_edad36f2,PJO-VEA-MED-K12,7895828528408
__export__.product_product_606_802118bb,PJO-VEA-MED-K15,7890999638000
__export__.product_product_607_c77a53d4,PJO-PRE-PEQ-K1,7894189649920
__export__.product_product_608_c14ffd97,PJO-PRE-PEQ-K3,7898076276756
__export__.product_product_609_28c28a9c,PJO-PRE-PEQ-K6,7898915974935
__export__.product_product_610_f4792c1a,PJO-PRE-PEQ-K9,7897477602461
__export__.product_product_611_a12ab4b6,PJO-PRE-PEQ-K12,7899823871880
__export__.product_product_612_bc9e66e8,PJO-PRE-PEQ-K15,7899457248058
__export__.product_product_613_1e098225,PJO-PRE-MED-K1,7898852106123
__export__.product_product_614_a2e39a6a,PJO-PRE-MED-K3,7894340858949
__export__.product_product_615_b9734912,PJO-PRE-MED-K6,7897650418308
__export__.product_product_616_35548850,PJO-PRE-MED-K9,7890666748025
__export__.product_product_617_46ec58a0,PJO-PRE-MED-K12,7898308243990
__export__.product_product_618_74cffa1e,PJO-PRE-MED-K15,7897014799050
__export__.product_product_619_91511d40,PJO-BRD-PEQ-K1,7894838857478
__export__.product_product_620_db32fbb1,PJO-BRD-PEQ-K3,7894070177587
__export__.product_product_621_4cc18dfd,PJO-BRD-PEQ-K6,7893895871748
__export__.product_product_622_e63dd7eb,PJO-BRD-PEQ-K9,7896760703526
__export__.product_product_623_5055114a,PJO-BRD-PEQ-K12,7897828741214
__export__.product_product_624_472accbc,PJO-BRD-PEQ-K15,7891316817320
__export__.product_product_625_770a9881,PJO-BRD-MED-K1,7899111878874
__export__.product_product_626_59f03583,PJO-BRD-MED-K3,7895869464345
__export__.product_product_627_c104c287,PJO-BRD-MED-K6,7894790587567
__export__.product_product_628_ff869c6e,PJO-BRD-MED-K9,7897811805893
__export__.product_product_629_afc9f3a0,PJO-BRD-MED-K12,7899013354933
__export__.product_product_630_3c6d87e9,PJO-BRD-MED-K15,7898990361439
__export__.product_product_631_e32208e3,PJO-PIN-PEQ-K1,7897870798266
__export__.product_product_632_675e0ea5,PJO-PIN-PEQ-K3,7899774881082
__export__.product_product_633_694a84a9,PJO-PIN-PEQ-K6,7891751039004
__export__.product_product_634_73309133,PJO-PIN-PEQ-K9,7895106233178
__export__.product_product_635_571dfd27,PJO-PIN-PEQ-K12,7891063777939
__export__.product_product_636_188adc40,PJO-PIN-PEQ-K15,7896728815131
__export__.product_product_637_90389b7b,PJO-PIN-MED-K1,7898077880242
__export__.product_product_638_4f979d69,PJO-PIN-MED-K3,7898157854859
__export__.product_product_639_0ce7d905,PJO-PIN-MED-K6,7898031551393
__export__.product_product_640_df5e281f,PJO-PIN-MED-K9,7894701800495
__export__.product_product_641_081b99d8,PJO-PIN-MED-K12,7897382976985
__export__.product_product_642_171e6d54,PJO-PIN-MED-K15,7897490306476
__export__.product_product_643_530d4a0c,PJO-RBB-PEQ-K1,7893871060647
__export__.product_product_644_1c45b397,PJO-RBB-PEQ-K3,7898879696508
__export__.product_product_645_432839b1,PJO-RBB-PEQ-K6,7890970338295
__export__.product_product_646_0b81e148,PJO-RBB-PEQ-K9,7896216910386
__export__.product_product_647_5f2ffd18,PJO-RBB-PEQ-K12,7890233912330
__export__.product_product_648_3f2d9227,PJO-RBB-PEQ-K15,7891577684822
__export__.product_product_649_0ea6f323,PJO-RBB-MED-K1,7896520538245
__export__.product_product_650_3379ef05,PJO-RBB-MED-K3,7893640139253
__export__.product_product_651_5c5ca3ae,PJO-RBB-MED-K6,7899660201093
__export__.product_product_652_2c32fe35,PJO-RBB-MED-K9,7894044268686
__export__.product_product_653_7db3e06d,PJO-RBB-MED-K12,7899814973852
__export__.product_product_654_8fe5df31,PJO-RBB-MED-K15,7892234302448
__export__.product_product_655_18612237,PJO-VER-PEQ-K1,7893839431205
__export__.product_product_656_f122595d,PJO-VER-PEQ-K3,7894209992753
__export__.product_product_657_e841ecaa,PJO-VER-PEQ-K6,7892773278600
__export__.product_product_658_ff546ba8,PJO-VER-PEQ-K9,7894664766166
__export__.product_product_659_f6e5cc3b,PJO-VER-PEQ-K12,7895560793348
__export__.product_product_660_3957b655,PJO-VER-PEQ-K15,7895502789026
__export__.product_product_661_47958c3d,PJO-VER-MED-K1,7895182387086
__export__.product_product_662_51af552b,PJO-VER-MED-K3,7892986261222
__export__.product_product_663_ade34845,PJO-VER-MED-K6,7898008596167
__export__.product_product_664_2b89fab0,PJO-VER-MED-K9,7895783459441
__export__.product_product_665_ffc4f8da,PJO-VER-MED-K12,7890075745936
__export__.product_product_666_982dbb5a,PJO-VER-MED-K15,7895059960732
__export__.product_product_667_411d6091,PJO-LAR-PEQ-K1,7890219738947
__export__.product_product_668_98737fe0,PJO-LAR-PEQ-K3,7896816730032
__export__.product_product_669_ca650cb4,PJO-LAR-PEQ-K6,7895843514998
__export__.product_product_670_a9c34ace,PJO-LAR-PEQ-K9,7895642530632
__export__.product_product_671_56698978,PJO-LAR-PEQ-K12,7892808394664
__export__.product_product_672_16a370bc,PJO-LAR-PEQ-K15,7899885481959
__export__.product_product_673_e1205836,PJO-LAR-MED-K1,7897836434375
__export__.product_product_674_2ac275d5,PJO-LAR-MED-K3,7890826857949
__export__.product_product_675_2d348fef,PJO-LAR-MED-K6,7892541128380
__export__.product_product_676_2c236dc2,PJO-LAR-MED-K9,7893568761895
__export__.product_product_677_0d282d7a,PJO-LAR-MED-K12,7890277267922
__export__.product_product_678_5ffa3305,PJO-LAR-MED-K15,7897112596704
__export__.product_product_679_b5d93fb9,PJO-TRA-PEQ-K1,7898413953371
__export__.product_product_680_3dad3e33,PJO-TRA-PEQ-K3,7890180457960
__export__.product_product_681_3370bcd5,PJO-TRA-PEQ-K6,7891712202508
__export__.product_product_682_e072e883,PJO-TRA-PEQ-K9,7894545373780
__export__.product_product_683_18e995d3,PJO-TRA-PEQ-K12,7892470140477
__export__.product_product_684_703febeb,PJO-TRA-PEQ-K15,7892039300526
__export__.product_product_685_a93ce7a0,PJO-TRA-MED-K1,7894167352521
__export__.product_product_686_391cf04c,PJO-TRA-MED-K3,7893993736222
__export__.product_product_687_44cdf33b,PJO-TRA-MED-K6,7890981557005
__export__.product_product_688_2a1b5ce9,PJO-TRA-MED-K9,7897385725856
__export__.product_product_689_b38a19cc,PJO-TRA-MED-K12,7899018411365
__export__.product_product_690_e8ec5171,PJO-TRA-MED-K15,7891616806154
__export__.product_product_691_3ed367bf,PJO-ROX-PEQ-K1,7892331356436
__export__.product_product_692_671c3e62,PJO-ROX-PEQ-K3,7897744552802
__export__.product_product_693_c0b0b0fb,PJO-ROX-PEQ-K6,7899647347684
__export__.product_product_694_96cb8c53,PJO-ROX-PEQ-K9,7892558675143
__export__.product_product_695_a351ec78,PJO-ROX-PEQ-K12,7891864660553
__export__.product_product_696_3ba67b32,PJO-ROX-PEQ-K15,7898751835667
__export__.product_product_697_b1709647,PJO-ROX-MED-K1,7899576738454
__export__.product_product_698_9ec3ccd4,PJO-ROX-MED-K3,7896497642006
__export__.product_product_699_d9c722f2,PJO-ROX-MED-K6,7899320875657
__export__.product_product_700_e0ca4f1e,PJO-ROX-MED-K9,7894480596251
__export__.product_product_701_b3bee17c,PJO-ROX-MED-K12,7895402207385
__export__.product_product_702_b0ba80c3,PJO-ROX-MED-K15,7892040202284